order_id,customer_id,product_id,quantity,order_date,status
O001,C001,P001,1,2026-10-01,COMPLETED
O002,C002,P002,2,2026-10-01,COMPLETED
O003,C003,P003,3,2026-10-02,COMPLETED
O004,C001,P005,1,2026-10-02,COMPLETED
O005,C004,P004,2,2026-10-03,CANCELLED
O006,C005,P001,2,2026-10-03,COMPLETED
O007,C006,P006,4,2026-10-04,COMPLETED
O008,C002,P003,2,2026-10-04,COMPLETED
O009,C003,P002,1,2026-10-05,COMPLETED
O010,C005,P005,3,2026-10-05,COMPLETED
O011,C001,P003,5,2026-10-06,COMPLETED
O012,C004,P006,2,2026-10-06,COMPLETED
O013,C006,P004,3,2026-10-07,COMPLETED
O014,C002,P001,1,2026-10-07,COMPLETED
O015,C003,P005,2,2026-10-08,COMPLETED
